metric,combo,n,datasets,models,actual_drop,expected_drop,interaction,interaction_median,interaction_std,super_additive_rate
macro_f1,All Three,29160,24,9,0.4491868374358467,0.2849553401624193,0.16423149727342745,0.14545115498458083,0.1977531542726937,0.8037037037037037
macro_f1,Missing+Imbalance,9720,24,9,0.24606721418182562,0.2138807756178978,0.032186438563927784,0.019821531993983954,0.07208967651704493,0.724485596707819
macro_f1,Noise+Imbalance,9720,24,9,0.38836323748734086,0.20923968177919638,0.17912355570814448,0.14271913929870278,0.171570027676905,0.8843621399176955
macro_f1,Noise+Missing,9720,24,9,0.13229008541908965,0.1467902229277443,-0.01450013750865463,-0.004289319967695326,0.048009473997359255,0.422119341563786
